-- Criar o banco de dados
CREATE DATABASE projetodiario1;

-- Selecionar o banco de dados
USE projetodiario1;

-- Criar a tabela aluno primeiro, pois ela será referenciada por outras tabelas
CREATE TABLE aluno (
    id INT AUTO_INCREMENT PRIMARY KEY,
    ra CHAR(8) NOT NULL UNIQUE,
    nome VARCHAR(80),
    tempoestudo INT NOT NULL,
    rendafamiliar DECIMAL(10, 2)
);

-- Criar a tabela diariobordo, que referencia a tabela aluno
CREATE TABLE diariobordo (
    id INT AUTO_INCREMENT PRIMARY KEY,
    texto TEXT,
    datahora DATETIME DEFAULT CURRENT_TIMESTAMP,
    fk_aluno_ra CHAR(8) NOT NULL,
    polaridade TEXT,
    FOREIGN KEY (fk_aluno_ra) REFERENCES aluno(ra)
);

-- Criar a tabela funcionarios, que não tem chaves estrangeiras
CREATE TABLE funcionarios (
    id INT AUTO_INCREMENT PRIMARY KEY,
    rg CHAR(8) NOT NULL UNIQUE,
    nome VARCHAR(100) NOT NULL,
    setor VARCHAR(50)
);
    
-- Criar a tabela avaliacao, que referencia a tabela aluno
CREATE TABLE avaliacao (
    id INT PRIMARY KEY AUTO_INCREMENT,
    nota1 INT CHECK (nota1 BETWEEN 0 AND 25),
    data_nota1 DATE,
    nota2 INT CHECK (nota2 BETWEEN 0 AND 25),
    data_nota2 DATE,
    nota3 INT CHECK (nota3 BETWEEN 0 AND 25),
    data_nota3 DATE,
    nota4 INT CHECK (nota4 BETWEEN 0 AND 25),
    data_nota4 DATE,
    bimestre INT,
    fk_aluno_id INT NOT NULL,
    FOREIGN KEY (fk_aluno_id) REFERENCES aluno(id),
    UNIQUE (bimestre, fk_aluno_id)
);


-- insert dos dados na tabela aluno
INSERT INTO aluno (ra, nome, tempoestudo, rendafamiliar) VALUES 
('11111111', 'André vargas', 10, 100000.00),
('12345678', 'Estela da Luz', 10, 1500.00),
('12345679', 'Lucas do Vale', 12, 2000.00),
('12345680', 'Maya dos Sonhos', 8, 1800.00),
('12345681', 'Rafael das Estrelas', 9, 2200.00),
('12345682', 'Sofia Aventureira', 11, 1600.00),
('12345683', 'João do Horizonte', 7, 1400.00),
('12345684', 'Ana do Mar', 10, 1700.00),
('12345685', 'Carlos Radiante', 12, 1900.00);


-- insert dos dados na tabela funcionarios
INSERT INTO funcionarios (rg, nome, setor) VALUES 
('22222222', 'Vargas Andre', 'TI'),
('87654321', 'Maria Oliveira', 'Financeiro'),
('23456789', 'Carlos Pereira', 'Manutenção'),
('34567890', 'Ana Costa', 'Psicologia');

-- insert dos dados na tabela diariobordo
INSERT INTO diariobordo (texto, datahora, fk_aluno_ra, polaridade) VALUES 
('Hoje foi um dia incrível, consegui aprender muito!', '2024-10-08 10:15:32', '12345678', 'Positiva'),
('Tive dificuldades em algumas matérias, mas estou me esforçando.', '2024-10-08 11:00:00', '12345678', 'Neutra'),
('Senti que poderia ter rendido mais hoje.', '2024-10-08 12:00:00', '12345678', 'Negativa'),
('Aula de matemática foi muito boa, consegui entender os conceitos.', '2024-10-08 10:15:32', '12345679', 'Positiva'),
('O dia foi longo, mas consegui estudar para a prova.', '2024-10-08 11:00:00', '12345679', 'Neutra'),
('Estou preocupado com a minha nota em química.', '2024-10-08 12:00:00', '12345679', 'Negativa'),
('Consegui finalizar todos os exercícios, estou muito feliz!', '2024-10-08 10:15:32', '12345680', 'Positiva'),
('Foi um dia cansativo, mas aprendi bastante.', '2024-10-08 11:00:00', '12345680', 'Neutra'),
('Tive dificuldades na aula de história.', '2024-10-08 12:00:00', '12345680', 'Negativa'),
('Hoje aprendi sobre um novo assunto que me interessou muito.', '2024-10-08 10:15:32', '12345681', 'Positiva'),
('Aula de física foi bem explicada, consegui entender.', '2024-10-08 11:00:00', '12345681', 'Neutra'),
('Senti que poderia ter me preparado melhor para a aula.', '2024-10-08 12:00:00', '12345681', 'Negativa'),
('Fiz uma apresentação que gostei muito, me senti confiante.', '2024-10-08 10:15:32', '12345682', 'Positiva'),
('O feedback da professora foi bom, me ajudou a melhorar.', '2024-10-08 11:00:00', '12345682', 'Neutra'),
('Não consegui entender bem a matéria de química.', '2024-10-08 12:00:00', '12345682', 'Negativa'),
('Hoje a aula foi muito divertida, ri bastante!', '2024-10-08 10:15:32', '12345683', 'Positiva'),
('Estudei bastante, mas sinto que não rendi o suficiente.', '2024-10-08 11:00:00', '12345683', 'Neutra'),
('A prova foi mais difícil do que eu esperava.', '2024-10-08 12:00:00', '12345683', 'Negativa'),
('O projeto que fizemos em grupo foi um sucesso!', '2024-10-08 10:15:32', '12345684', 'Positiva'),
('Tive algumas dificuldades, mas aprendi com os erros.', '2024-10-08 11:00:00', '12345684', 'Neutra'),
('Me senti muito cansado hoje e não consegui estudar.', '2024-10-08 12:00:00', '12345684', 'Negativa'),
('Concluí todos os meus exercícios a tempo, estou feliz!', '2024-10-08 10:15:32', '12345685', 'Positiva'),
('A aula de hoje foi tranquila, consegui acompanhar.', '2024-10-08 11:00:00', '12345685', 'Neutra'),
('Não gostei da forma como a professora explicou a matéria.', '2024-10-08 12:00:00', '12345685', 'Negativa'),
('Hoje fiz uma prova que me senti preparado, e tirei uma boa nota!', '2024-10-08 10:15:32', '11111111', 'Positiva'),
('O dia foi produtivo, consegui concluir várias atividades.', '2024-10-08 11:00:00', '11111111', 'Neutra'),
('Não consegui entender a explicação sobre matemática.', '2024-10-08 12:00:00', '11111111', 'Negativa'),
('O feedback da prova foi ótimo, fiquei muito satisfeito!', '2024-10-08 13:15:32', '12345678', 'Positiva'),
('Hoje aprendi muito sobre programação, foi interessante.', '2024-10-08 14:00:00', '12345678', 'Neutra'),
('O professor não foi claro nas explicações, fiquei confuso.', '2024-10-08 15:00:00', '12345678', 'Negativa'),
('Aula prática foi excelente, coloquei a teoria em prática.', '2024-10-08 13:15:32', '12345679', 'Positiva'),
('Estudei bem, mas poderia ter sido mais produtivo.', '2024-10-08 14:00:00', '12345679', 'Neutra'),
('Senti que não aproveitei bem a aula de inglês.', '2024-10-08 15:00:00', '12345679', 'Negativa'),
('Consegui concluir o trabalho em grupo antes do prazo!', '2024-10-08 13:15:32', '12345680', 'Positiva'),
('A aula de ciências foi boa, aprendi bastante.', '2024-10-08 14:00:00', '12345680', 'Neutra'),
('Não gostei do tema do trabalho, não me interessou.', '2024-10-08 15:00:00', '12345680', 'Negativa'),
('A atividade em sala foi divertida, gostei muito.', '2024-10-08 13:15:32', '12345681', 'Positiva'),
('O dia foi cansativo, mas produtivo.', '2024-10-08 14:00:00', '12345681', 'Neutra'),
('Tive dificuldade em acompanhar a aula de geografia.', '2024-10-08 15:00:00', '12345681', 'Negativa'),
('A palestra foi muito inspiradora, gostei demais!', '2024-10-08 13:15:32', '12345682', 'Positiva'),
('Estudar à noite me ajuda a entender melhor as matérias.', '2024-10-08 14:00:00', '12345682', 'Neutra'),
('Senti que não estou progredindo nos estudos.', '2024-10-08 15:00:00', '12345682', 'Negativa'),
('A atividade de hoje foi muito interessante e dinâmica!', '2024-10-08 13:15:32', '12345683', 'Positiva'),
('O dia foi normal, sem grandes acontecimentos.', '2024-10-08 14:00:00', '12345683', 'Neutra'),
('Não consegui acompanhar a aula de filosofia.', '2024-10-08 15:00:00', '12345683', 'Negativa'),
('Aprendi um conceito novo que me deixou animado!', '2024-10-08 13:15:32', '12345684', 'Positiva'),
('A atividade de revisão foi útil para o aprendizado.', '2024-10-08 14:00:00', '12345684', 'Neutra'),
('Não gostei do trabalho que foi imposto pela professora.', '2024-10-08 15:00:00', '12345684', 'Negativa'),
('Concluí mais uma parte do meu projeto, estou progredindo!', '2024-10-08 13:15:32', '12345685', 'Positiva'),
('A aula foi interessante, mas poderia ser mais dinâmica.', '2024-10-08 14:00:00', '12345685', 'Neutra'),
('O dia foi difícil, mas consegui aprender algumas coisas.', '2024-10-08 15:00:00', '12345685', 'Negativa'),
('Aula de arte foi muito divertida, amei fazer o projeto!', '2024-10-08 16:15:32', '11111111', 'Positiva'),
('Estudar em grupo me ajudou a entender melhor a matéria.', '2024-10-08 17:00:00', '11111111', 'Neutra'),
('Hoje não consegui me concentrar nas aulas.', '2024-10-08 18:00:00', '11111111', 'Negativa'),
('Senti que fui bem na apresentação, me senti confiante.', '2024-10-08 19:15:32', '12345678', 'Positiva'),
('Aula de literatura foi boa, gostei dos temas discutidos.', '2024-10-08 20:00:00', '12345678', 'Neutra'),
('Não entendi bem a explicação sobre a história antiga.', '2024-10-08 21:00:00', '12345678', 'Negativa'),
('Consegui me organizar melhor para os estudos.', '2024-10-08 19:15:32', '12345679', 'Positiva'),
('Hoje o dia foi produtivo, consegui realizar muitas atividades.', '2024-10-08 20:00:00', '12345679', 'Neutra'),
('O professor não explicou bem a atividade, fiquei confuso.', '2024-10-08 21:00:00', '12345679', 'Negativa'),
('A aula prática foi ótima, aprendi bastante.', '2024-10-08 19:15:32', '12345680', 'Positiva'),
('O dia foi tranquilo, consegui estudar sem pressa.', '2024-10-08 20:00:00', '12345680', 'Neutra'),
('Não consegui terminar o trabalho a tempo, fiquei frustrado.', '2024-10-08 21:00:00', '12345680', 'Negativa'),
('A apresentação do projeto foi um sucesso, todo mundo elogiou!', '2024-10-08 19:15:32', '12345681', 'Positiva'),
('A aula foi boa, mas o tempo passou rápido demais.', '2024-10-08 20:00:00', '12345681', 'Neutra'),
('Hoje não consegui me dedicar como gostaria.', '2024-10-08 21:00:00', '12345681', 'Negativa'),
('O feedback que recebi foi muito bom, me deixou motivado!', '2024-10-08 19:15:32', '12345682', 'Positiva'),
('O dia foi normal, sem grandes mudanças.', '2024-10-08 20:00:00', '12345682', 'Neutra'),
('Fiquei decepcionado com a nota que tirei na prova.', '2024-10-08 21:00:00', '12345682', 'Negativa'),
('Hoje aprendi algo novo e interessante!', '2024-10-08 19:15:32', '12345683', 'Positiva'),
('Consegui revisar o conteúdo e me sinto preparado.', '2024-10-08 20:00:00', '12345683', 'Neutra'),
('Senti que poderia ter estudado mais para a prova.', '2024-10-08 21:00:00', '12345683', 'Negativa'),
('A atividade de hoje foi muito dinâmica e divertida!', '2024-10-08 19:15:32', '12345684', 'Positiva'),
('Estou conseguindo acompanhar as aulas e o conteúdo.', '2024-10-08 20:00:00', '12345684', 'Neutra'),
('Hoje não consegui me concentrar nos estudos.', '2024-10-08 21:00:00', '12345684', 'Negativa'),
('Hoje me sinto motivado a estudar mais!', '2024-10-08 19:15:32', '12345685', 'Positiva'),
('O dia foi cansativo, mas produtivo.', '2024-10-08 20:00:00', '12345685', 'Neutra'),
('Estou preocupado com o conteúdo da próxima prova.', '2024-10-08 21:00:00', '12345685', 'Negativa'),
('Hoje foi um ótimo dia de aprendizado, consegui muito!', '2024-10-08 19:15:32', '11111111', 'Positiva'),
('Fui produtivo e consegui finalizar o que precisava.', '2024-10-08 20:00:00', '11111111', 'Neutra'),
('Hoje não consegui me dedicar ao estudo como gostaria.', '2024-10-08 21:00:00', '11111111', 'Negativa');

INSERT INTO diariobordo (texto, datahora, fk_aluno_ra, polaridade) VALUES 
('Hoje foi um dia incrível, consegui aprender muito!', '2024-10-08 10:15:32', '12345681', 'Positiva'),
('Tive dificuldades em algumas matérias, mas estou me esforçando.', '2024-10-08 11:00:00', '12345683', 'Neutra'),
('Senti que poderia ter rendido mais hoje.', '2024-10-08 12:00:00', '12345682', 'Negativa'),
('Aula de matemática foi muito boa, consegui entender os conceitos.', '2024-10-08 10:15:32', '11111111', 'Positiva'),
('O dia foi longo, mas consegui estudar para a prova.', '2024-10-08 11:00:00', '12345680', 'Neutra'),
('Estou preocupado com a minha nota em química.', '2024-10-08 12:00:00', '12345678', 'Negativa'),
('Consegui finalizar todos os exercícios, estou muito feliz!', '2024-10-08 10:15:32', '12345684', 'Positiva'),
('Foi um dia cansativo, mas aprendi bastante.', '2024-10-08 11:00:00', '12345679', 'Neutra'),
('Tive dificuldades na aula de história.', '2024-10-08 12:00:00', '12345685', 'Negativa'),
('Hoje aprendi sobre um novo assunto que me interessou muito.', '2024-10-08 10:15:32', '12345678', 'Positiva'),
('Aula de física foi bem explicada, consegui entender.', '2024-10-08 11:00:00', '11111111', 'Neutra'),
('Senti que poderia ter me preparado melhor para a aula.', '2024-10-08 12:00:00', '12345680', 'Negativa'),
('Fiz uma apresentação que gostei muito, me senti confiante.', '2024-10-08 10:15:32', '12345682', 'Positiva'),
('O feedback da professora foi bom, me ajudou a melhorar.', '2024-10-08 11:00:00', '12345681', 'Neutra'),
('Não consegui entender bem a matéria de química.', '2024-10-08 12:00:00', '12345684', 'Negativa'),
('Hoje a aula foi muito divertida, ri bastante!', '2024-10-08 10:15:32', '12345685', 'Positiva'),
('Estudei bastante, mas sinto que não rendi o suficiente.', '2024-10-08 11:00:00', '12345679', 'Neutra'),
('A prova foi mais difícil do que eu esperava.', '2024-10-08 12:00:00', '12345678', 'Negativa'),
('O projeto que fizemos em grupo foi um sucesso!', '2024-10-08 10:15:32', '12345680', 'Positiva'),
('Tive algumas dificuldades, mas aprendi com os erros.', '2024-10-08 11:00:00', '12345683', 'Neutra'),
('Me senti muito cansado hoje e não consegui estudar.', '2024-10-08 12:00:00', '12345682', 'Negativa'),
('Concluí todos os meus exercícios a tempo, estou feliz!', '2024-10-08 10:15:32', '12345684', 'Positiva'),
('A aula de hoje foi tranquila, consegui acompanhar.', '2024-10-08 11:00:00', '12345681', 'Neutra'),
('Não gostei da forma como a professora explicou a matéria.', '2024-10-08 12:00:00', '12345685', 'Negativa'),
('Hoje fiz uma prova que me senti preparado, e tirei uma boa nota!', '2024-10-08 10:15:32', '11111111', 'Positiva'),
('O dia foi produtivo, consegui concluir várias atividades.', '2024-10-08 11:00:00', '12345678', 'Neutra'),
('Não consegui entender a explicação sobre matemática.', '2024-10-08 12:00:00', '12345679', 'Negativa'),
('O feedback da prova foi ótimo, fiquei muito satisfeito!', '2024-10-08 13:15:32', '12345681', 'Positiva'),
('Hoje aprendi muito sobre programação, foi interessante.', '2024-10-08 14:00:00', '12345684', 'Neutra'),
('O professor não foi claro nas explicações, fiquei confuso.', '2024-10-08 15:00:00', '12345680', 'Negativa'),
('Aula prática foi excelente, coloquei a teoria em prática.', '2024-10-08 13:15:32', '12345679', 'Positiva'),
('Estudei bem, mas poderia ter sido mais produtivo.', '2024-10-08 14:00:00', '12345682', 'Neutra'),
('Senti que não aproveitei bem a aula de inglês.', '2024-10-08 15:00:00', '12345685', 'Negativa'),
('Consegui concluir o trabalho em grupo antes do prazo!', '2024-10-08 13:15:32', '12345680', 'Positiva'),
('A aula de ciências foi boa, aprendi bastante.', '2024-10-08 14:00:00', '12345678', 'Neutra'),
('Não gostei do tema do trabalho, não me interessou.', '2024-10-08 15:00:00', '12345681', 'Negativa'),
('A aula de arte foi muito divertida, amei fazer o projeto!', '2024-10-08 13:15:32', '11111111', 'Positiva'),
('Estudar em grupo me ajudou a entender melhor as matérias.', '2024-10-08 14:00:00', '12345679', 'Neutra'),
('Hoje não consegui me concentrar nas aulas.', '2024-10-08 15:00:00', '12345684', 'Negativa'),
('O projeto que fizemos em grupo foi muito bom!', '2024-10-08 13:15:32', '12345682', 'Positiva'),
('A atividade em sala foi divertida, gostei muito.', '2024-10-08 14:00:00', '12345683', 'Neutra'),
('Hoje não consegui estudar o que deveria.', '2024-10-08 15:00:00', '12345685', 'Negativa'),
('Fiz uma boa apresentação, recebi muitos elogios!', '2024-10-08 13:15:32', '12345681', 'Positiva'),
('Aula de matemática foi bem produtiva.', '2024-10-08 14:00:00', '12345680', 'Neutra'),
('A professora não explicou bem a tarefa, fiquei confuso.', '2024-10-08 15:00:00', '12345678', 'Negativa'),
('Hoje consegui estudar a matéria e sinto que aprendi!', '2024-10-08 13:15:32', '11111111', 'Positiva'),
('O dia foi normal, sem grandes novidades.', '2024-10-08 14:00:00', '12345683', 'Neutra'),
('Não gostei da forma como a professora abordou o assunto.', '2024-10-08 15:00:00', '12345679', 'Negativa'),
('O dia foi bem produtivo, consegui fazer tudo o que planejei.', '2024-10-08 13:15:32', '12345684', 'Positiva'),
('O feedback da minha apresentação foi muito bom!', '2024-10-08 14:00:00', '12345682', 'Neutra'),
('Hoje não me senti motivado para estudar.', '2024-10-08 15:00:00', '12345685', 'Negativa'),
('Estudar no parque foi uma ótima experiência!', '2024-10-08 13:15:32', '12345678', 'Positiva'),
('A aula foi interessante, consegui acompanhar tudo.', '2024-10-08 14:00:00', '11111111', 'Neutra'),
('Hoje não consegui me concentrar nos estudos.', '2024-10-08 15:00:00', '12345679', 'Negativa'),
('A aula de música foi divertida e descontraída!', '2024-10-08 13:15:32', '12345680', 'Positiva'),
('Consegui finalizar todos os exercícios do dia.', '2024-10-08 14:00:00', '12345681', 'Neutra'),
('Fiquei frustrado com o resultado da prova.', '2024-10-08 15:00:00', '12345682', 'Negativa'),
('O dia foi produtivo, consegui realizar muitas atividades.', '2024-10-08 13:15:32', '12345684', 'Positiva'),
('Estudar em casa me ajudou a me concentrar mais.', '2024-10-08 14:00:00', '12345683', 'Neutra'),
('Não consegui entender a explicação do professor.', '2024-10-08 15:00:00', '12345685', 'Negativa');